<?xml version="1.0"?>
<Runs Version="1" Minor="8">
	<Run Id="synth_2" Type="Ft3:Synth" SrcSet="sources_1" Part="xc7z020clg484-1" LaunchPart="xc7z020clg484-1" ConstrsSet="constrs_1" Description="PlanAhead Defaults (XST defaults with hierarchy)" State="current" Dir="$PRUNDIR/synth_2" LaunchTime="1404169340">
		<File Type="XST-NGC" Name="module_1_stub.ngc"/>
		<File Type="RUN-STRAT" Name="$PDATADIR/runs/synth_2/synth_2.psg"/>
		<File Type="XST-SRP" Name="module_1_stub.srp"/>
		<File Type="PA-XST" Name="module_1_stub.xst"/>
		<File Type="RUN-SRCS" Name="$PDATADIR/runs/synth_2/sources.xml"/>
		<File Type="PA-XSTPRJ" Name="module_1_stub.prj"/>
		<File Type="RUN-CONSTRS" Name="$PDATADIR/runs/synth_2/constrs_in.xml"/>
	</Run>
	<Run Id="impl_2" Type="Ft2:EntireDesign" SynthRun="synth_2" Part="xc7z020clg484-1" LaunchPart="xc7z020clg484-1" ConstrsSet="constrs_1" Description="ISE Defaults, including packing registers in IOs off" State="current" Dir="$PRUNDIR/impl_2" LaunchTime="1404169568">
		<File Type="PA-EDIF" Name="module_1_stub.edf"/>
		<File Type="MAP-PSR" Name="module_1_stub.psr"/>
		<File Type="PA-UCF" Name="module_1_stub.ucf"/>
		<File Type="PAR-NCD" Name="module_1_stub_routed.ncd"/>
		<File Type="PAR-PAD" Name="module_1_stub_routed_pad.txt"/>
		<File Type="PAR-PAR" Name="module_1_stub_routed.par"/>
		<File Type="PAR-UNR" Name="module_1_stub_routed.unroutes"/>
		<File Type="BG-BIT" Name="module_1_stub.bit"/>
		<File Type="BG-DRC" Name="module_1_stub.drc"/>
		<File Type="PA-CONSTRSDIR" Name=".constrs"/>
		<File Type="BG-BGN" Name="module_1_stub.bgn"/>
		<File Type="TRCE-TWR" Name="module_1_stub.twr"/>
		<File Type="TRCE-TWX" Name="module_1_stub.twx"/>
		<File Type="XDL-XDL" Name="module_1_stub_routed.xdl"/>
		<File Type="WBT-USG" Name="usage_statistics_webtalk.html"/>
		<File Type="WBT-LOG" Name="webtalk.log"/>
		<File Type="RUN-CONSTRS" Name="$PDATADIR/runs/impl_2/constrs_in.xml"/>
		<File Type="RUN-STRAT" Name="$PDATADIR/runs/impl_2/impl_2.psg"/>
		<File Type="NGDB-NGD" Name="module_1_stub.ngd"/>
		<File Type="NGDB-BLD" Name="module_1_stub.bld"/>
		<File Type="MAP-NCD" Name="module_1_stub.ncd"/>
		<File Type="MAP-PCF" Name="module_1_stub.pcf"/>
		<File Type="MAP-MRP" Name="module_1_stub.mrp"/>
		<File Type="MAP-MAP" Name="module_1_stub.map"/>
	</Run>
</Runs>

