<?xml version="1.0" encoding="UTF-8"?>
<DARoots Version="1" Minor="26">
  <FileSet Name="constrs_out" Type="Constrs" RelSrcDir="$PRUNDIR/impl_1/.constrs">
    <File Path="$PRUNDIR/impl_1/.constrs/zedboard_fmc_imageon_hdmi_tutorial.ucf">
      <FileInfo>
        <Attr Name="UsedInSynthesis" Val="1"/>
        <Attr Name="UsedInImplementation" Val="1"/>
      </FileInfo>
    </File>
    <File Path="$PRUNDIR/impl_1/.constrs/module_1.ncf">
      <FileInfo>
        <Attr Name="UsedInImplementation" Val="1"/>
      </FileInfo>
    </File>
    <File Path="$PRUNDIR/impl_1/.constrs/module_1_axi4lite_0_wrapper.ncf">
      <FileInfo>
        <Attr Name="UsedInImplementation" Val="1"/>
      </FileInfo>
    </File>
    <File Path="$PRUNDIR/impl_1/.constrs/module_1_processing_system7_0_wrapper.ncf">
      <FileInfo>
        <Attr Name="UsedInImplementation" Val="1"/>
      </FileInfo>
    </File>
    <File Path="$PRUNDIR/impl_1/.constrs/module_1_v_tc_0_wrapper.ncf">
      <FileInfo>
        <Attr Name="UsedInImplementation" Val="1"/>
      </FileInfo>
    </File>
    <Config>
      <Option Name="ConstrsType" Val="UCF"/>
    </Config>
  </FileSet>
</DARoots>
