<?xml version="1.0" encoding="UTF-8"?>
<DARoots Version="1" Minor="26">
  <FileSet Name="constrs_in" Type="Constrs" RelSrcDir="$PSRCDIR/constrs_1">
    <Filter Type="Constrs"/>
    <File Path="$PSRCDIR/constrs_1/imports/zedboard/zedboard_fmc_imageon_hdmi_tutorial.ucf">
      <FileInfo>
        <Attr Name="ImportPath" Val="$PPRDIR/../../../zedboard_tutorials/FMC_IMAGEON_Building_Video_Design_Tutorial_14_4_20130110/FMC_IMAGEON_Tutorial/boards/zedboard/zedboard_fmc_imageon_hdmi_tutorial.ucf"/>
        <Attr Name="ImportTime" Val="1351191314"/>
        <Attr Name="UsedInSynthesis" Val="1"/>
        <Attr Name="UsedInImplementation" Val="1"/>
      </FileInfo>
    </File>
    <Config>
      <Option Name="ConstrsType" Val="UCF"/>
    </Config>
  </FileSet>
</DARoots>
